timestep,reward
2.800000000000000000e+01,2.800000000000000000e+01
5.200000000000000000e+01,2.400000000000000000e+01
7.300000000000000000e+01,2.100000000000000000e+01
8.500000000000000000e+01,1.200000000000000000e+01
9.900000000000000000e+01,1.400000000000000000e+01
1.150000000000000000e+02,1.600000000000000000e+01
1.310000000000000000e+02,1.600000000000000000e+01
1.460000000000000000e+02,1.500000000000000000e+01
1.690000000000000000e+02,2.300000000000000000e+01
1.860000000000000000e+02,1.700000000000000000e+01
1.990000000000000000e+02,1.300000000000000000e+01
2.240000000000000000e+02,2.500000000000000000e+01
2.380000000000000000e+02,1.400000000000000000e+01
2.990000000000000000e+02,6.100000000000000000e+01
3.340000000000000000e+02,3.500000000000000000e+01
3.730000000000000000e+02,3.900000000000000000e+01
4.110000000000000000e+02,3.800000000000000000e+01
4.630000000000000000e+02,5.200000000000000000e+01
4.730000000000000000e+02,1.000000000000000000e+01
4.930000000000000000e+02,2.000000000000000000e+01
5.060000000000000000e+02,1.300000000000000000e+01
5.520000000000000000e+02,4.600000000000000000e+01
5.690000000000000000e+02,1.700000000000000000e+01
5.910000000000000000e+02,2.200000000000000000e+01
6.100000000000000000e+02,1.900000000000000000e+01
6.260000000000000000e+02,1.600000000000000000e+01
6.570000000000000000e+02,3.100000000000000000e+01
6.740000000000000000e+02,1.700000000000000000e+01
6.940000000000000000e+02,2.000000000000000000e+01
7.060000000000000000e+02,1.200000000000000000e+01
7.190000000000000000e+02,1.300000000000000000e+01
7.470000000000000000e+02,2.800000000000000000e+01
7.830000000000000000e+02,3.600000000000000000e+01
8.110000000000000000e+02,2.800000000000000000e+01
8.220000000000000000e+02,1.100000000000000000e+01
8.390000000000000000e+02,1.700000000000000000e+01
8.550000000000000000e+02,1.600000000000000000e+01
8.660000000000000000e+02,1.100000000000000000e+01
8.850000000000000000e+02,1.900000000000000000e+01
9.160000000000000000e+02,3.100000000000000000e+01
9.330000000000000000e+02,1.700000000000000000e+01
9.500000000000000000e+02,1.700000000000000000e+01
9.980000000000000000e+02,4.800000000000000000e+01
1.022000000000000000e+03,2.400000000000000000e+01
1.034000000000000000e+03,1.200000000000000000e+01
1.053000000000000000e+03,1.900000000000000000e+01
1.066000000000000000e+03,1.300000000000000000e+01
1.079000000000000000e+03,1.300000000000000000e+01
1.103000000000000000e+03,2.400000000000000000e+01
1.114000000000000000e+03,1.100000000000000000e+01
1.157000000000000000e+03,4.300000000000000000e+01
1.178000000000000000e+03,2.100000000000000000e+01
1.205000000000000000e+03,2.700000000000000000e+01
1.224000000000000000e+03,1.900000000000000000e+01
1.257000000000000000e+03,3.300000000000000000e+01
1.270000000000000000e+03,1.300000000000000000e+01
1.296000000000000000e+03,2.600000000000000000e+01
1.314000000000000000e+03,1.800000000000000000e+01
1.350000000000000000e+03,3.600000000000000000e+01
1.377000000000000000e+03,2.700000000000000000e+01
1.462000000000000000e+03,8.500000000000000000e+01
1.500000000000000000e+03,3.800000000000000000e+01
1.515000000000000000e+03,1.500000000000000000e+01
1.525000000000000000e+03,1.000000000000000000e+01
1.565000000000000000e+03,4.000000000000000000e+01
1.636000000000000000e+03,7.100000000000000000e+01
1.672000000000000000e+03,3.600000000000000000e+01
1.694000000000000000e+03,2.200000000000000000e+01
1.720000000000000000e+03,2.600000000000000000e+01
1.738000000000000000e+03,1.800000000000000000e+01
1.757000000000000000e+03,1.900000000000000000e+01
1.778000000000000000e+03,2.100000000000000000e+01
1.802000000000000000e+03,2.400000000000000000e+01
1.823000000000000000e+03,2.100000000000000000e+01
1.839000000000000000e+03,1.600000000000000000e+01
1.854000000000000000e+03,1.500000000000000000e+01
1.878000000000000000e+03,2.400000000000000000e+01
1.891000000000000000e+03,1.300000000000000000e+01
1.956000000000000000e+03,6.500000000000000000e+01
2.001000000000000000e+03,4.500000000000000000e+01
2.039000000000000000e+03,3.800000000000000000e+01
2.072000000000000000e+03,3.300000000000000000e+01
2.087000000000000000e+03,1.500000000000000000e+01
2.099000000000000000e+03,1.200000000000000000e+01
2.112000000000000000e+03,1.300000000000000000e+01
2.124000000000000000e+03,1.200000000000000000e+01
2.135000000000000000e+03,1.100000000000000000e+01
2.153000000000000000e+03,1.800000000000000000e+01
2.168000000000000000e+03,1.500000000000000000e+01
2.226000000000000000e+03,5.800000000000000000e+01
2.329000000000000000e+03,1.030000000000000000e+02
2.351000000000000000e+03,2.200000000000000000e+01
2.374000000000000000e+03,2.300000000000000000e+01
2.396000000000000000e+03,2.200000000000000000e+01
2.408000000000000000e+03,1.200000000000000000e+01
2.423000000000000000e+03,1.500000000000000000e+01
2.440000000000000000e+03,1.700000000000000000e+01
2.455000000000000000e+03,1.500000000000000000e+01
2.468000000000000000e+03,1.300000000000000000e+01
2.548000000000000000e+03,8.000000000000000000e+01
2.575000000000000000e+03,2.700000000000000000e+01
2.602000000000000000e+03,2.700000000000000000e+01
2.621000000000000000e+03,1.900000000000000000e+01
2.646000000000000000e+03,2.500000000000000000e+01
2.682000000000000000e+03,3.600000000000000000e+01
2.703000000000000000e+03,2.100000000000000000e+01
2.714000000000000000e+03,1.100000000000000000e+01
2.738000000000000000e+03,2.400000000000000000e+01
2.777000000000000000e+03,3.900000000000000000e+01
2.796000000000000000e+03,1.900000000000000000e+01
2.815000000000000000e+03,1.900000000000000000e+01
2.840000000000000000e+03,2.500000000000000000e+01
2.870000000000000000e+03,3.000000000000000000e+01
2.909000000000000000e+03,3.900000000000000000e+01
2.950000000000000000e+03,4.100000000000000000e+01
2.967000000000000000e+03,1.700000000000000000e+01
3.018000000000000000e+03,5.100000000000000000e+01
3.058000000000000000e+03,4.000000000000000000e+01
3.103000000000000000e+03,4.500000000000000000e+01
3.125000000000000000e+03,2.200000000000000000e+01
3.154000000000000000e+03,2.900000000000000000e+01
3.202000000000000000e+03,4.800000000000000000e+01
3.252000000000000000e+03,5.000000000000000000e+01
3.266000000000000000e+03,1.400000000000000000e+01
3.286000000000000000e+03,2.000000000000000000e+01
3.315000000000000000e+03,2.900000000000000000e+01
3.337000000000000000e+03,2.200000000000000000e+01
3.385000000000000000e+03,4.800000000000000000e+01
3.405000000000000000e+03,2.000000000000000000e+01
3.445000000000000000e+03,4.000000000000000000e+01
3.467000000000000000e+03,2.200000000000000000e+01
3.505000000000000000e+03,3.800000000000000000e+01
3.537000000000000000e+03,3.200000000000000000e+01
3.604000000000000000e+03,6.700000000000000000e+01
3.621000000000000000e+03,1.700000000000000000e+01
3.666000000000000000e+03,4.500000000000000000e+01
3.714000000000000000e+03,4.800000000000000000e+01
3.878000000000000000e+03,1.640000000000000000e+02
3.911000000000000000e+03,3.300000000000000000e+01
3.978000000000000000e+03,6.700000000000000000e+01
4.026000000000000000e+03,4.800000000000000000e+01
4.043000000000000000e+03,1.700000000000000000e+01
4.103000000000000000e+03,6.000000000000000000e+01
4.156000000000000000e+03,5.300000000000000000e+01
4.226000000000000000e+03,7.000000000000000000e+01
4.269000000000000000e+03,4.300000000000000000e+01
4.282000000000000000e+03,1.300000000000000000e+01
4.348000000000000000e+03,6.600000000000000000e+01
4.448000000000000000e+03,1.000000000000000000e+02
4.501000000000000000e+03,5.300000000000000000e+01
4.552000000000000000e+03,5.100000000000000000e+01
4.576000000000000000e+03,2.400000000000000000e+01
4.633000000000000000e+03,5.700000000000000000e+01
4.712000000000000000e+03,7.900000000000000000e+01
4.754000000000000000e+03,4.200000000000000000e+01
4.777000000000000000e+03,2.300000000000000000e+01
4.814000000000000000e+03,3.700000000000000000e+01
4.851000000000000000e+03,3.700000000000000000e+01
4.927000000000000000e+03,7.600000000000000000e+01
4.970000000000000000e+03,4.300000000000000000e+01
4.988000000000000000e+03,1.800000000000000000e+01
5.111000000000000000e+03,1.230000000000000000e+02
5.137000000000000000e+03,2.600000000000000000e+01
5.229000000000000000e+03,9.200000000000000000e+01
5.342000000000000000e+03,1.130000000000000000e+02
5.388000000000000000e+03,4.600000000000000000e+01
5.424000000000000000e+03,3.600000000000000000e+01
5.479000000000000000e+03,5.500000000000000000e+01
5.563000000000000000e+03,8.400000000000000000e+01
5.602000000000000000e+03,3.900000000000000000e+01
5.684000000000000000e+03,8.200000000000000000e+01
5.708000000000000000e+03,2.400000000000000000e+01
5.775000000000000000e+03,6.700000000000000000e+01
5.853000000000000000e+03,7.800000000000000000e+01
5.890000000000000000e+03,3.700000000000000000e+01
5.953000000000000000e+03,6.300000000000000000e+01
5.986000000000000000e+03,3.300000000000000000e+01
6.013000000000000000e+03,2.700000000000000000e+01
6.058000000000000000e+03,4.500000000000000000e+01
6.123000000000000000e+03,6.500000000000000000e+01
6.160000000000000000e+03,3.700000000000000000e+01
6.182000000000000000e+03,2.200000000000000000e+01
6.258000000000000000e+03,7.600000000000000000e+01
6.291000000000000000e+03,3.300000000000000000e+01
6.328000000000000000e+03,3.700000000000000000e+01
6.382000000000000000e+03,5.400000000000000000e+01
6.407000000000000000e+03,2.500000000000000000e+01
6.492000000000000000e+03,8.500000000000000000e+01
6.595000000000000000e+03,1.030000000000000000e+02
6.635000000000000000e+03,4.000000000000000000e+01
6.800000000000000000e+03,1.650000000000000000e+02
6.885000000000000000e+03,8.500000000000000000e+01
6.979000000000000000e+03,9.400000000000000000e+01
7.076000000000000000e+03,9.700000000000000000e+01
7.204000000000000000e+03,1.280000000000000000e+02
7.306000000000000000e+03,1.020000000000000000e+02
7.407000000000000000e+03,1.010000000000000000e+02
7.662000000000000000e+03,2.550000000000000000e+02
7.814000000000000000e+03,1.520000000000000000e+02
7.866000000000000000e+03,5.200000000000000000e+01
7.936000000000000000e+03,7.000000000000000000e+01
8.281000000000000000e+03,3.450000000000000000e+02
8.474000000000000000e+03,1.930000000000000000e+02
8.669000000000000000e+03,1.950000000000000000e+02
8.757000000000000000e+03,8.800000000000000000e+01
8.977000000000000000e+03,2.200000000000000000e+02
9.010000000000000000e+03,3.300000000000000000e+01
9.181000000000000000e+03,1.710000000000000000e+02
9.318000000000000000e+03,1.370000000000000000e+02
9.450000000000000000e+03,1.320000000000000000e+02
9.686000000000000000e+03,2.360000000000000000e+02
9.750000000000000000e+03,6.400000000000000000e+01
9.859000000000000000e+03,1.090000000000000000e+02
1.001800000000000000e+04,1.590000000000000000e+02
1.033500000000000000e+04,3.170000000000000000e+02
1.051200000000000000e+04,1.770000000000000000e+02
1.062300000000000000e+04,1.110000000000000000e+02
1.074200000000000000e+04,1.190000000000000000e+02
1.100000000000000000e+04,2.580000000000000000e+02
1.113700000000000000e+04,1.370000000000000000e+02
1.150300000000000000e+04,3.660000000000000000e+02
1.168200000000000000e+04,1.790000000000000000e+02
1.218200000000000000e+04,5.000000000000000000e+02
1.235300000000000000e+04,1.710000000000000000e+02
1.258400000000000000e+04,2.310000000000000000e+02
1.262200000000000000e+04,3.800000000000000000e+01
1.279800000000000000e+04,1.760000000000000000e+02
1.298900000000000000e+04,1.910000000000000000e+02
1.337100000000000000e+04,3.820000000000000000e+02
1.360200000000000000e+04,2.310000000000000000e+02
1.374200000000000000e+04,1.400000000000000000e+02
1.392200000000000000e+04,1.800000000000000000e+02
1.413500000000000000e+04,2.130000000000000000e+02
1.437700000000000000e+04,2.420000000000000000e+02
1.445600000000000000e+04,7.900000000000000000e+01
1.475500000000000000e+04,2.990000000000000000e+02
1.502100000000000000e+04,2.660000000000000000e+02
1.522300000000000000e+04,2.020000000000000000e+02
1.543700000000000000e+04,2.140000000000000000e+02
1.568700000000000000e+04,2.500000000000000000e+02
1.587300000000000000e+04,1.860000000000000000e+02
1.601200000000000000e+04,1.390000000000000000e+02
1.625400000000000000e+04,2.420000000000000000e+02
1.647700000000000000e+04,2.230000000000000000e+02
1.692400000000000000e+04,4.470000000000000000e+02
1.716200000000000000e+04,2.380000000000000000e+02
1.739700000000000000e+04,2.350000000000000000e+02
1.753100000000000000e+04,1.340000000000000000e+02
1.766500000000000000e+04,1.340000000000000000e+02
1.789600000000000000e+04,2.310000000000000000e+02
1.817800000000000000e+04,2.820000000000000000e+02
1.842500000000000000e+04,2.470000000000000000e+02
1.858200000000000000e+04,1.570000000000000000e+02
1.871400000000000000e+04,1.320000000000000000e+02
1.888300000000000000e+04,1.690000000000000000e+02
1.901200000000000000e+04,1.290000000000000000e+02
1.903600000000000000e+04,2.400000000000000000e+01
1.905700000000000000e+04,2.100000000000000000e+01
1.921300000000000000e+04,1.560000000000000000e+02
1.932600000000000000e+04,1.130000000000000000e+02
1.955400000000000000e+04,2.280000000000000000e+02
1.981600000000000000e+04,2.620000000000000000e+02
2.003600000000000000e+04,2.200000000000000000e+02
2.023000000000000000e+04,1.940000000000000000e+02
2.041000000000000000e+04,1.800000000000000000e+02
2.057900000000000000e+04,1.690000000000000000e+02
2.072800000000000000e+04,1.490000000000000000e+02
2.090400000000000000e+04,1.760000000000000000e+02
2.098700000000000000e+04,8.300000000000000000e+01
2.113000000000000000e+04,1.430000000000000000e+02
2.134600000000000000e+04,2.160000000000000000e+02
2.164800000000000000e+04,3.020000000000000000e+02
2.183300000000000000e+04,1.850000000000000000e+02
2.200600000000000000e+04,1.730000000000000000e+02
2.220100000000000000e+04,1.950000000000000000e+02
2.242600000000000000e+04,2.250000000000000000e+02
2.266700000000000000e+04,2.410000000000000000e+02
2.296200000000000000e+04,2.950000000000000000e+02
2.310300000000000000e+04,1.410000000000000000e+02
2.330800000000000000e+04,2.050000000000000000e+02
2.351500000000000000e+04,2.070000000000000000e+02
2.366500000000000000e+04,1.500000000000000000e+02
2.382000000000000000e+04,1.550000000000000000e+02
2.393300000000000000e+04,1.130000000000000000e+02
2.414300000000000000e+04,2.100000000000000000e+02
2.435400000000000000e+04,2.110000000000000000e+02
2.452200000000000000e+04,1.680000000000000000e+02
2.468800000000000000e+04,1.660000000000000000e+02
2.481600000000000000e+04,1.280000000000000000e+02
2.494700000000000000e+04,1.310000000000000000e+02
2.511800000000000000e+04,1.710000000000000000e+02
2.528200000000000000e+04,1.640000000000000000e+02
2.550800000000000000e+04,2.260000000000000000e+02
2.565000000000000000e+04,1.420000000000000000e+02
2.588000000000000000e+04,2.300000000000000000e+02
2.603300000000000000e+04,1.530000000000000000e+02
2.620000000000000000e+04,1.670000000000000000e+02
2.641700000000000000e+04,2.170000000000000000e+02
2.666700000000000000e+04,2.500000000000000000e+02
2.669200000000000000e+04,2.500000000000000000e+01
2.689800000000000000e+04,2.060000000000000000e+02
2.706100000000000000e+04,1.630000000000000000e+02
2.724200000000000000e+04,1.810000000000000000e+02
2.727300000000000000e+04,3.100000000000000000e+01
2.741800000000000000e+04,1.450000000000000000e+02
2.759700000000000000e+04,1.790000000000000000e+02
2.778400000000000000e+04,1.870000000000000000e+02
2.794100000000000000e+04,1.570000000000000000e+02
2.811300000000000000e+04,1.720000000000000000e+02
2.828100000000000000e+04,1.680000000000000000e+02
2.845200000000000000e+04,1.710000000000000000e+02
2.860900000000000000e+04,1.570000000000000000e+02
2.878300000000000000e+04,1.740000000000000000e+02
2.903200000000000000e+04,2.490000000000000000e+02
2.923600000000000000e+04,2.040000000000000000e+02
2.940500000000000000e+04,1.690000000000000000e+02
2.957700000000000000e+04,1.720000000000000000e+02
2.972600000000000000e+04,1.490000000000000000e+02
2.988600000000000000e+04,1.600000000000000000e+02
3.006800000000000000e+04,1.820000000000000000e+02
3.024100000000000000e+04,1.730000000000000000e+02
3.041200000000000000e+04,1.710000000000000000e+02
3.074200000000000000e+04,3.300000000000000000e+02
3.091500000000000000e+04,1.730000000000000000e+02
3.105600000000000000e+04,1.410000000000000000e+02
3.123900000000000000e+04,1.830000000000000000e+02
3.145200000000000000e+04,2.130000000000000000e+02
3.163000000000000000e+04,1.780000000000000000e+02
3.180700000000000000e+04,1.770000000000000000e+02
3.198600000000000000e+04,1.790000000000000000e+02
3.216300000000000000e+04,1.770000000000000000e+02
3.231000000000000000e+04,1.470000000000000000e+02
3.244500000000000000e+04,1.350000000000000000e+02
3.264300000000000000e+04,1.980000000000000000e+02
3.282400000000000000e+04,1.810000000000000000e+02
3.303700000000000000e+04,2.130000000000000000e+02
3.317300000000000000e+04,1.360000000000000000e+02
3.335300000000000000e+04,1.800000000000000000e+02
3.351700000000000000e+04,1.640000000000000000e+02
3.366000000000000000e+04,1.430000000000000000e+02
3.382100000000000000e+04,1.610000000000000000e+02
3.399900000000000000e+04,1.780000000000000000e+02
3.413100000000000000e+04,1.320000000000000000e+02
3.430100000000000000e+04,1.700000000000000000e+02
3.446200000000000000e+04,1.610000000000000000e+02
3.460200000000000000e+04,1.400000000000000000e+02
3.477300000000000000e+04,1.710000000000000000e+02
3.492100000000000000e+04,1.480000000000000000e+02
3.509200000000000000e+04,1.710000000000000000e+02
3.523600000000000000e+04,1.440000000000000000e+02
3.545400000000000000e+04,2.180000000000000000e+02
3.564100000000000000e+04,1.870000000000000000e+02
3.581000000000000000e+04,1.690000000000000000e+02
3.596100000000000000e+04,1.510000000000000000e+02
3.610300000000000000e+04,1.420000000000000000e+02
3.624700000000000000e+04,1.440000000000000000e+02
3.642300000000000000e+04,1.760000000000000000e+02
3.658500000000000000e+04,1.620000000000000000e+02
3.674200000000000000e+04,1.570000000000000000e+02
3.689400000000000000e+04,1.520000000000000000e+02
3.703100000000000000e+04,1.370000000000000000e+02
3.718100000000000000e+04,1.500000000000000000e+02
3.729900000000000000e+04,1.180000000000000000e+02
3.743900000000000000e+04,1.400000000000000000e+02
3.758700000000000000e+04,1.480000000000000000e+02
3.777000000000000000e+04,1.830000000000000000e+02
3.793600000000000000e+04,1.660000000000000000e+02
3.810600000000000000e+04,1.700000000000000000e+02
3.824400000000000000e+04,1.380000000000000000e+02
3.840700000000000000e+04,1.630000000000000000e+02
3.856500000000000000e+04,1.580000000000000000e+02
3.871400000000000000e+04,1.490000000000000000e+02
3.886600000000000000e+04,1.520000000000000000e+02
3.901400000000000000e+04,1.480000000000000000e+02
3.916400000000000000e+04,1.500000000000000000e+02
3.933500000000000000e+04,1.710000000000000000e+02
3.947300000000000000e+04,1.380000000000000000e+02
3.962600000000000000e+04,1.530000000000000000e+02
3.976400000000000000e+04,1.380000000000000000e+02
3.990500000000000000e+04,1.410000000000000000e+02
4.008400000000000000e+04,1.790000000000000000e+02
4.026300000000000000e+04,1.790000000000000000e+02
4.041000000000000000e+04,1.470000000000000000e+02
4.056300000000000000e+04,1.530000000000000000e+02
4.073400000000000000e+04,1.710000000000000000e+02
4.090300000000000000e+04,1.690000000000000000e+02
4.107700000000000000e+04,1.740000000000000000e+02
4.124100000000000000e+04,1.640000000000000000e+02
4.138100000000000000e+04,1.400000000000000000e+02
4.152800000000000000e+04,1.470000000000000000e+02
4.167600000000000000e+04,1.480000000000000000e+02
4.185200000000000000e+04,1.760000000000000000e+02
4.200600000000000000e+04,1.540000000000000000e+02
4.215900000000000000e+04,1.530000000000000000e+02
4.230800000000000000e+04,1.490000000000000000e+02
4.244600000000000000e+04,1.380000000000000000e+02
4.256500000000000000e+04,1.190000000000000000e+02
4.273000000000000000e+04,1.650000000000000000e+02
4.287300000000000000e+04,1.430000000000000000e+02
4.302600000000000000e+04,1.530000000000000000e+02
4.317100000000000000e+04,1.450000000000000000e+02
4.335300000000000000e+04,1.820000000000000000e+02
4.348400000000000000e+04,1.310000000000000000e+02
4.364100000000000000e+04,1.570000000000000000e+02
4.379700000000000000e+04,1.560000000000000000e+02
4.395800000000000000e+04,1.610000000000000000e+02
4.410900000000000000e+04,1.510000000000000000e+02
4.425200000000000000e+04,1.430000000000000000e+02
4.441700000000000000e+04,1.650000000000000000e+02
4.459100000000000000e+04,1.740000000000000000e+02
4.477200000000000000e+04,1.810000000000000000e+02
4.492800000000000000e+04,1.560000000000000000e+02
4.508400000000000000e+04,1.560000000000000000e+02
4.524900000000000000e+04,1.650000000000000000e+02
4.542500000000000000e+04,1.760000000000000000e+02
4.557800000000000000e+04,1.530000000000000000e+02
4.572300000000000000e+04,1.450000000000000000e+02
4.593100000000000000e+04,2.080000000000000000e+02
4.607900000000000000e+04,1.480000000000000000e+02
4.623700000000000000e+04,1.580000000000000000e+02
4.639200000000000000e+04,1.550000000000000000e+02
4.655000000000000000e+04,1.580000000000000000e+02
4.668200000000000000e+04,1.320000000000000000e+02
4.684200000000000000e+04,1.600000000000000000e+02
4.698300000000000000e+04,1.410000000000000000e+02
4.715000000000000000e+04,1.670000000000000000e+02
4.730000000000000000e+04,1.500000000000000000e+02
4.747000000000000000e+04,1.700000000000000000e+02
4.761000000000000000e+04,1.400000000000000000e+02
4.775500000000000000e+04,1.450000000000000000e+02
4.789100000000000000e+04,1.360000000000000000e+02
4.805700000000000000e+04,1.660000000000000000e+02
4.820200000000000000e+04,1.450000000000000000e+02
4.837100000000000000e+04,1.690000000000000000e+02
4.853400000000000000e+04,1.630000000000000000e+02
4.869400000000000000e+04,1.600000000000000000e+02
4.885300000000000000e+04,1.590000000000000000e+02
4.900000000000000000e+04,1.470000000000000000e+02
4.915500000000000000e+04,1.550000000000000000e+02
4.931300000000000000e+04,1.580000000000000000e+02
4.946200000000000000e+04,1.490000000000000000e+02
4.961400000000000000e+04,1.520000000000000000e+02
4.976000000000000000e+04,1.460000000000000000e+02
4.990700000000000000e+04,1.470000000000000000e+02
5.006600000000000000e+04,1.590000000000000000e+02
5.022200000000000000e+04,1.560000000000000000e+02
5.037800000000000000e+04,1.560000000000000000e+02
5.053300000000000000e+04,1.550000000000000000e+02
5.068900000000000000e+04,1.560000000000000000e+02
5.084800000000000000e+04,1.590000000000000000e+02
5.100400000000000000e+04,1.560000000000000000e+02
5.114100000000000000e+04,1.370000000000000000e+02
5.130300000000000000e+04,1.620000000000000000e+02
5.146100000000000000e+04,1.580000000000000000e+02
5.163300000000000000e+04,1.720000000000000000e+02
5.179600000000000000e+04,1.630000000000000000e+02
5.196800000000000000e+04,1.720000000000000000e+02
5.209800000000000000e+04,1.300000000000000000e+02
5.224500000000000000e+04,1.470000000000000000e+02
5.240700000000000000e+04,1.620000000000000000e+02
5.258400000000000000e+04,1.770000000000000000e+02
5.275700000000000000e+04,1.730000000000000000e+02
5.290300000000000000e+04,1.460000000000000000e+02
5.305600000000000000e+04,1.530000000000000000e+02
5.320900000000000000e+04,1.530000000000000000e+02
5.337900000000000000e+04,1.700000000000000000e+02
5.353800000000000000e+04,1.590000000000000000e+02
5.370500000000000000e+04,1.670000000000000000e+02
5.387300000000000000e+04,1.680000000000000000e+02
5.405600000000000000e+04,1.830000000000000000e+02
5.421900000000000000e+04,1.630000000000000000e+02
5.437900000000000000e+04,1.600000000000000000e+02
5.454000000000000000e+04,1.610000000000000000e+02
5.470100000000000000e+04,1.610000000000000000e+02
5.485200000000000000e+04,1.510000000000000000e+02
5.502500000000000000e+04,1.730000000000000000e+02
5.518300000000000000e+04,1.580000000000000000e+02
5.534500000000000000e+04,1.620000000000000000e+02
5.550100000000000000e+04,1.560000000000000000e+02
5.567900000000000000e+04,1.780000000000000000e+02
5.583300000000000000e+04,1.540000000000000000e+02
5.600400000000000000e+04,1.710000000000000000e+02
5.617200000000000000e+04,1.680000000000000000e+02
5.634900000000000000e+04,1.770000000000000000e+02
5.650200000000000000e+04,1.530000000000000000e+02
5.664800000000000000e+04,1.460000000000000000e+02
5.679800000000000000e+04,1.500000000000000000e+02
5.696400000000000000e+04,1.660000000000000000e+02
5.711100000000000000e+04,1.470000000000000000e+02
5.726200000000000000e+04,1.510000000000000000e+02
5.743800000000000000e+04,1.760000000000000000e+02
5.759800000000000000e+04,1.600000000000000000e+02
5.774400000000000000e+04,1.460000000000000000e+02
5.791500000000000000e+04,1.710000000000000000e+02
5.807100000000000000e+04,1.560000000000000000e+02
5.822000000000000000e+04,1.490000000000000000e+02
5.838100000000000000e+04,1.610000000000000000e+02
5.852600000000000000e+04,1.450000000000000000e+02
5.867800000000000000e+04,1.520000000000000000e+02
5.883800000000000000e+04,1.600000000000000000e+02
5.898000000000000000e+04,1.420000000000000000e+02
5.914000000000000000e+04,1.600000000000000000e+02
5.931300000000000000e+04,1.730000000000000000e+02
5.948300000000000000e+04,1.700000000000000000e+02
5.967500000000000000e+04,1.920000000000000000e+02
5.981900000000000000e+04,1.440000000000000000e+02
5.997000000000000000e+04,1.510000000000000000e+02
6.013200000000000000e+04,1.620000000000000000e+02
6.029200000000000000e+04,1.600000000000000000e+02
6.044600000000000000e+04,1.540000000000000000e+02
6.062000000000000000e+04,1.740000000000000000e+02
6.077500000000000000e+04,1.550000000000000000e+02
6.093700000000000000e+04,1.620000000000000000e+02
6.108100000000000000e+04,1.440000000000000000e+02
6.122800000000000000e+04,1.470000000000000000e+02
6.137200000000000000e+04,1.440000000000000000e+02
6.153200000000000000e+04,1.600000000000000000e+02
6.168600000000000000e+04,1.540000000000000000e+02
6.184000000000000000e+04,1.540000000000000000e+02
6.199200000000000000e+04,1.520000000000000000e+02
6.212400000000000000e+04,1.320000000000000000e+02
6.229600000000000000e+04,1.720000000000000000e+02
6.244300000000000000e+04,1.470000000000000000e+02
6.262900000000000000e+04,1.860000000000000000e+02
6.277900000000000000e+04,1.500000000000000000e+02
6.293600000000000000e+04,1.570000000000000000e+02
6.308100000000000000e+04,1.450000000000000000e+02
6.325900000000000000e+04,1.780000000000000000e+02
6.340100000000000000e+04,1.420000000000000000e+02
6.354900000000000000e+04,1.480000000000000000e+02
6.370400000000000000e+04,1.550000000000000000e+02
6.388200000000000000e+04,1.780000000000000000e+02
6.404000000000000000e+04,1.580000000000000000e+02
6.419400000000000000e+04,1.540000000000000000e+02
6.433700000000000000e+04,1.430000000000000000e+02
6.449400000000000000e+04,1.570000000000000000e+02
6.463800000000000000e+04,1.440000000000000000e+02
6.478700000000000000e+04,1.490000000000000000e+02
6.494500000000000000e+04,1.580000000000000000e+02
6.510400000000000000e+04,1.590000000000000000e+02
6.524800000000000000e+04,1.440000000000000000e+02
6.539600000000000000e+04,1.480000000000000000e+02
6.556500000000000000e+04,1.690000000000000000e+02
6.571300000000000000e+04,1.480000000000000000e+02
6.587900000000000000e+04,1.660000000000000000e+02
6.603200000000000000e+04,1.530000000000000000e+02
6.620600000000000000e+04,1.740000000000000000e+02
6.635800000000000000e+04,1.520000000000000000e+02
6.652700000000000000e+04,1.690000000000000000e+02
6.667400000000000000e+04,1.470000000000000000e+02
6.683300000000000000e+04,1.590000000000000000e+02
6.698800000000000000e+04,1.550000000000000000e+02
6.714300000000000000e+04,1.550000000000000000e+02
6.728100000000000000e+04,1.380000000000000000e+02
6.743600000000000000e+04,1.550000000000000000e+02
6.758200000000000000e+04,1.460000000000000000e+02
6.773300000000000000e+04,1.510000000000000000e+02
6.787500000000000000e+04,1.420000000000000000e+02
6.802300000000000000e+04,1.480000000000000000e+02
6.817800000000000000e+04,1.550000000000000000e+02
6.833000000000000000e+04,1.520000000000000000e+02
6.850700000000000000e+04,1.770000000000000000e+02
6.866500000000000000e+04,1.580000000000000000e+02
6.882800000000000000e+04,1.630000000000000000e+02
6.897300000000000000e+04,1.450000000000000000e+02
6.911600000000000000e+04,1.430000000000000000e+02
6.926800000000000000e+04,1.520000000000000000e+02
6.946600000000000000e+04,1.980000000000000000e+02
6.960200000000000000e+04,1.360000000000000000e+02
6.976200000000000000e+04,1.600000000000000000e+02
6.992200000000000000e+04,1.600000000000000000e+02
7.008100000000000000e+04,1.590000000000000000e+02
7.024500000000000000e+04,1.640000000000000000e+02
7.040900000000000000e+04,1.640000000000000000e+02
7.055000000000000000e+04,1.410000000000000000e+02
7.071300000000000000e+04,1.630000000000000000e+02
7.086000000000000000e+04,1.470000000000000000e+02
7.102200000000000000e+04,1.620000000000000000e+02
7.115900000000000000e+04,1.370000000000000000e+02
7.129000000000000000e+04,1.310000000000000000e+02
7.146100000000000000e+04,1.710000000000000000e+02
7.162600000000000000e+04,1.650000000000000000e+02
7.178800000000000000e+04,1.620000000000000000e+02
7.194400000000000000e+04,1.560000000000000000e+02
7.207700000000000000e+04,1.330000000000000000e+02
7.223900000000000000e+04,1.620000000000000000e+02
7.239600000000000000e+04,1.570000000000000000e+02
7.253300000000000000e+04,1.370000000000000000e+02
7.268900000000000000e+04,1.560000000000000000e+02
7.283800000000000000e+04,1.490000000000000000e+02
7.297800000000000000e+04,1.400000000000000000e+02
7.315600000000000000e+04,1.780000000000000000e+02
7.330400000000000000e+04,1.480000000000000000e+02
7.344600000000000000e+04,1.420000000000000000e+02
7.360500000000000000e+04,1.590000000000000000e+02
7.375100000000000000e+04,1.460000000000000000e+02
7.392700000000000000e+04,1.760000000000000000e+02
7.408800000000000000e+04,1.610000000000000000e+02
7.425100000000000000e+04,1.630000000000000000e+02
7.439800000000000000e+04,1.470000000000000000e+02
7.453700000000000000e+04,1.390000000000000000e+02
7.470400000000000000e+04,1.670000000000000000e+02
7.483200000000000000e+04,1.280000000000000000e+02
7.497800000000000000e+04,1.460000000000000000e+02
7.513900000000000000e+04,1.610000000000000000e+02
7.528800000000000000e+04,1.490000000000000000e+02
7.543700000000000000e+04,1.490000000000000000e+02
7.559800000000000000e+04,1.610000000000000000e+02
7.577900000000000000e+04,1.810000000000000000e+02
7.592600000000000000e+04,1.470000000000000000e+02
7.607100000000000000e+04,1.450000000000000000e+02
7.622700000000000000e+04,1.560000000000000000e+02
7.637300000000000000e+04,1.460000000000000000e+02
7.653600000000000000e+04,1.630000000000000000e+02
7.667800000000000000e+04,1.420000000000000000e+02
7.681700000000000000e+04,1.390000000000000000e+02
7.697000000000000000e+04,1.530000000000000000e+02
7.711500000000000000e+04,1.450000000000000000e+02
7.727400000000000000e+04,1.590000000000000000e+02
7.741400000000000000e+04,1.400000000000000000e+02
7.756600000000000000e+04,1.520000000000000000e+02
7.772300000000000000e+04,1.570000000000000000e+02
7.787400000000000000e+04,1.510000000000000000e+02
7.802400000000000000e+04,1.500000000000000000e+02
7.816900000000000000e+04,1.450000000000000000e+02
7.831900000000000000e+04,1.500000000000000000e+02
7.847300000000000000e+04,1.540000000000000000e+02
7.862100000000000000e+04,1.480000000000000000e+02
7.877200000000000000e+04,1.510000000000000000e+02
7.890900000000000000e+04,1.370000000000000000e+02
7.906100000000000000e+04,1.520000000000000000e+02
7.920000000000000000e+04,1.390000000000000000e+02
7.933700000000000000e+04,1.370000000000000000e+02
7.948300000000000000e+04,1.460000000000000000e+02
7.962800000000000000e+04,1.450000000000000000e+02
7.976300000000000000e+04,1.350000000000000000e+02
7.991000000000000000e+04,1.470000000000000000e+02
8.005100000000000000e+04,1.410000000000000000e+02
8.019900000000000000e+04,1.480000000000000000e+02
8.033700000000000000e+04,1.380000000000000000e+02
8.047300000000000000e+04,1.360000000000000000e+02
8.061400000000000000e+04,1.410000000000000000e+02
8.075400000000000000e+04,1.400000000000000000e+02
8.089400000000000000e+04,1.400000000000000000e+02
8.103700000000000000e+04,1.430000000000000000e+02
8.118900000000000000e+04,1.520000000000000000e+02
8.132100000000000000e+04,1.320000000000000000e+02
8.146500000000000000e+04,1.440000000000000000e+02
8.161100000000000000e+04,1.460000000000000000e+02
8.173900000000000000e+04,1.280000000000000000e+02
8.188500000000000000e+04,1.460000000000000000e+02
8.201300000000000000e+04,1.280000000000000000e+02
8.215300000000000000e+04,1.400000000000000000e+02
8.229400000000000000e+04,1.410000000000000000e+02
8.242800000000000000e+04,1.340000000000000000e+02
8.257700000000000000e+04,1.490000000000000000e+02
8.270800000000000000e+04,1.310000000000000000e+02
8.284800000000000000e+04,1.400000000000000000e+02
8.299600000000000000e+04,1.480000000000000000e+02
8.313300000000000000e+04,1.370000000000000000e+02
8.326700000000000000e+04,1.340000000000000000e+02
8.340000000000000000e+04,1.330000000000000000e+02
8.353200000000000000e+04,1.320000000000000000e+02
8.366300000000000000e+04,1.310000000000000000e+02
8.380600000000000000e+04,1.430000000000000000e+02
8.394500000000000000e+04,1.390000000000000000e+02
8.408500000000000000e+04,1.400000000000000000e+02
8.422400000000000000e+04,1.390000000000000000e+02
8.436800000000000000e+04,1.440000000000000000e+02
8.451300000000000000e+04,1.450000000000000000e+02
8.465400000000000000e+04,1.410000000000000000e+02
8.479500000000000000e+04,1.410000000000000000e+02
8.493500000000000000e+04,1.400000000000000000e+02
8.506700000000000000e+04,1.320000000000000000e+02
8.522700000000000000e+04,1.600000000000000000e+02
8.537100000000000000e+04,1.440000000000000000e+02
8.550600000000000000e+04,1.350000000000000000e+02
8.565200000000000000e+04,1.460000000000000000e+02
8.579400000000000000e+04,1.420000000000000000e+02
8.592100000000000000e+04,1.270000000000000000e+02
8.606100000000000000e+04,1.400000000000000000e+02
8.621000000000000000e+04,1.490000000000000000e+02
8.635900000000000000e+04,1.490000000000000000e+02
8.650100000000000000e+04,1.420000000000000000e+02
8.662900000000000000e+04,1.280000000000000000e+02
8.676100000000000000e+04,1.320000000000000000e+02
8.689700000000000000e+04,1.360000000000000000e+02
8.705200000000000000e+04,1.550000000000000000e+02
8.717600000000000000e+04,1.240000000000000000e+02
8.731700000000000000e+04,1.410000000000000000e+02
8.745100000000000000e+04,1.340000000000000000e+02
8.759400000000000000e+04,1.430000000000000000e+02
8.773000000000000000e+04,1.360000000000000000e+02
8.785200000000000000e+04,1.220000000000000000e+02
8.798700000000000000e+04,1.350000000000000000e+02
8.812500000000000000e+04,1.380000000000000000e+02
8.825700000000000000e+04,1.320000000000000000e+02
8.839400000000000000e+04,1.370000000000000000e+02
8.853000000000000000e+04,1.360000000000000000e+02
8.865600000000000000e+04,1.260000000000000000e+02
8.878600000000000000e+04,1.300000000000000000e+02
8.891300000000000000e+04,1.270000000000000000e+02
8.904300000000000000e+04,1.300000000000000000e+02
8.917100000000000000e+04,1.280000000000000000e+02
8.930400000000000000e+04,1.330000000000000000e+02
8.942600000000000000e+04,1.220000000000000000e+02
8.955800000000000000e+04,1.320000000000000000e+02
8.969700000000000000e+04,1.390000000000000000e+02
8.981700000000000000e+04,1.200000000000000000e+02
8.995700000000000000e+04,1.400000000000000000e+02
9.009800000000000000e+04,1.410000000000000000e+02
9.022700000000000000e+04,1.290000000000000000e+02
9.037400000000000000e+04,1.470000000000000000e+02
9.050000000000000000e+04,1.260000000000000000e+02
9.062900000000000000e+04,1.290000000000000000e+02
9.076900000000000000e+04,1.400000000000000000e+02
9.089900000000000000e+04,1.300000000000000000e+02
9.103700000000000000e+04,1.380000000000000000e+02
9.117500000000000000e+04,1.380000000000000000e+02
9.129500000000000000e+04,1.200000000000000000e+02
9.143500000000000000e+04,1.400000000000000000e+02
9.156800000000000000e+04,1.330000000000000000e+02
9.170200000000000000e+04,1.340000000000000000e+02
9.183800000000000000e+04,1.360000000000000000e+02
9.197500000000000000e+04,1.370000000000000000e+02
9.211200000000000000e+04,1.370000000000000000e+02
9.224600000000000000e+04,1.340000000000000000e+02
9.237700000000000000e+04,1.310000000000000000e+02
9.250900000000000000e+04,1.320000000000000000e+02
9.264200000000000000e+04,1.330000000000000000e+02
9.278000000000000000e+04,1.380000000000000000e+02
9.291300000000000000e+04,1.330000000000000000e+02
9.305100000000000000e+04,1.380000000000000000e+02
9.317800000000000000e+04,1.270000000000000000e+02
9.331000000000000000e+04,1.320000000000000000e+02
9.344700000000000000e+04,1.370000000000000000e+02
9.359200000000000000e+04,1.450000000000000000e+02
9.373800000000000000e+04,1.460000000000000000e+02
9.387500000000000000e+04,1.370000000000000000e+02
9.400000000000000000e+04,1.250000000000000000e+02
9.414200000000000000e+04,1.420000000000000000e+02
9.426900000000000000e+04,1.270000000000000000e+02
9.440700000000000000e+04,1.380000000000000000e+02
9.454800000000000000e+04,1.410000000000000000e+02
9.468300000000000000e+04,1.350000000000000000e+02
9.481900000000000000e+04,1.360000000000000000e+02
9.495500000000000000e+04,1.360000000000000000e+02
9.509600000000000000e+04,1.410000000000000000e+02
9.523200000000000000e+04,1.360000000000000000e+02
9.536300000000000000e+04,1.310000000000000000e+02
9.550900000000000000e+04,1.460000000000000000e+02
9.565300000000000000e+04,1.440000000000000000e+02
9.577900000000000000e+04,1.260000000000000000e+02
9.592100000000000000e+04,1.420000000000000000e+02
9.605300000000000000e+04,1.320000000000000000e+02
9.620000000000000000e+04,1.470000000000000000e+02
9.633100000000000000e+04,1.310000000000000000e+02
9.647600000000000000e+04,1.450000000000000000e+02
9.661500000000000000e+04,1.390000000000000000e+02
9.676600000000000000e+04,1.510000000000000000e+02
9.691100000000000000e+04,1.450000000000000000e+02
9.705800000000000000e+04,1.470000000000000000e+02
9.720500000000000000e+04,1.470000000000000000e+02
9.735000000000000000e+04,1.450000000000000000e+02
9.747100000000000000e+04,1.210000000000000000e+02
9.761000000000000000e+04,1.390000000000000000e+02
9.775400000000000000e+04,1.440000000000000000e+02
9.789400000000000000e+04,1.400000000000000000e+02
9.804000000000000000e+04,1.460000000000000000e+02
9.817700000000000000e+04,1.370000000000000000e+02
9.832200000000000000e+04,1.450000000000000000e+02
9.845400000000000000e+04,1.320000000000000000e+02
9.858300000000000000e+04,1.290000000000000000e+02
9.872700000000000000e+04,1.440000000000000000e+02
9.886100000000000000e+04,1.340000000000000000e+02
9.899800000000000000e+04,1.370000000000000000e+02
9.914100000000000000e+04,1.430000000000000000e+02
9.928700000000000000e+04,1.460000000000000000e+02
9.942800000000000000e+04,1.410000000000000000e+02
9.957800000000000000e+04,1.500000000000000000e+02
9.971200000000000000e+04,1.340000000000000000e+02
9.984400000000000000e+04,1.320000000000000000e+02
9.997800000000000000e+04,1.340000000000000000e+02
1.001120000000000000e+05,1.340000000000000000e+02
1.002500000000000000e+05,1.380000000000000000e+02
1.003790000000000000e+05,1.290000000000000000e+02
1.005140000000000000e+05,1.350000000000000000e+02
1.006540000000000000e+05,1.400000000000000000e+02
1.007790000000000000e+05,1.250000000000000000e+02
1.009100000000000000e+05,1.310000000000000000e+02
1.010500000000000000e+05,1.400000000000000000e+02
1.011770000000000000e+05,1.270000000000000000e+02
1.013100000000000000e+05,1.330000000000000000e+02
1.014570000000000000e+05,1.470000000000000000e+02
1.015870000000000000e+05,1.300000000000000000e+02
1.017280000000000000e+05,1.410000000000000000e+02
1.018690000000000000e+05,1.410000000000000000e+02
1.020200000000000000e+05,1.510000000000000000e+02
1.021600000000000000e+05,1.400000000000000000e+02
1.022960000000000000e+05,1.360000000000000000e+02
1.024330000000000000e+05,1.370000000000000000e+02
1.025740000000000000e+05,1.410000000000000000e+02
1.027130000000000000e+05,1.390000000000000000e+02
1.028520000000000000e+05,1.390000000000000000e+02
1.029840000000000000e+05,1.320000000000000000e+02
1.031200000000000000e+05,1.360000000000000000e+02
1.032520000000000000e+05,1.320000000000000000e+02
1.033840000000000000e+05,1.320000000000000000e+02
1.035180000000000000e+05,1.340000000000000000e+02
1.036490000000000000e+05,1.310000000000000000e+02
1.037930000000000000e+05,1.440000000000000000e+02
1.039280000000000000e+05,1.350000000000000000e+02
1.040680000000000000e+05,1.400000000000000000e+02
1.042060000000000000e+05,1.380000000000000000e+02
1.043450000000000000e+05,1.390000000000000000e+02
1.044960000000000000e+05,1.510000000000000000e+02
1.046410000000000000e+05,1.450000000000000000e+02
1.047770000000000000e+05,1.360000000000000000e+02
1.049190000000000000e+05,1.420000000000000000e+02
1.050500000000000000e+05,1.310000000000000000e+02
1.051970000000000000e+05,1.470000000000000000e+02
1.053390000000000000e+05,1.420000000000000000e+02
1.054820000000000000e+05,1.430000000000000000e+02
1.056320000000000000e+05,1.500000000000000000e+02
1.057740000000000000e+05,1.420000000000000000e+02
1.059090000000000000e+05,1.350000000000000000e+02
1.060480000000000000e+05,1.390000000000000000e+02
1.061880000000000000e+05,1.400000000000000000e+02
1.063300000000000000e+05,1.420000000000000000e+02
1.064600000000000000e+05,1.300000000000000000e+02
1.066020000000000000e+05,1.420000000000000000e+02
1.067490000000000000e+05,1.470000000000000000e+02
1.068940000000000000e+05,1.450000000000000000e+02
1.070420000000000000e+05,1.480000000000000000e+02
1.071850000000000000e+05,1.430000000000000000e+02
1.073280000000000000e+05,1.430000000000000000e+02
1.074770000000000000e+05,1.490000000000000000e+02
1.076170000000000000e+05,1.400000000000000000e+02
1.077580000000000000e+05,1.410000000000000000e+02
1.078970000000000000e+05,1.390000000000000000e+02
1.080410000000000000e+05,1.440000000000000000e+02
1.081820000000000000e+05,1.410000000000000000e+02
1.083220000000000000e+05,1.400000000000000000e+02
1.084600000000000000e+05,1.380000000000000000e+02
1.086090000000000000e+05,1.490000000000000000e+02
1.087560000000000000e+05,1.470000000000000000e+02
1.088950000000000000e+05,1.390000000000000000e+02
1.090380000000000000e+05,1.430000000000000000e+02
1.091960000000000000e+05,1.580000000000000000e+02
1.093310000000000000e+05,1.350000000000000000e+02
1.094700000000000000e+05,1.390000000000000000e+02
1.096010000000000000e+05,1.310000000000000000e+02
1.097410000000000000e+05,1.400000000000000000e+02
1.098890000000000000e+05,1.480000000000000000e+02
1.100290000000000000e+05,1.400000000000000000e+02
1.101800000000000000e+05,1.510000000000000000e+02
1.103210000000000000e+05,1.410000000000000000e+02
1.104530000000000000e+05,1.320000000000000000e+02
1.106050000000000000e+05,1.520000000000000000e+02
1.107570000000000000e+05,1.520000000000000000e+02
1.109060000000000000e+05,1.490000000000000000e+02
1.110490000000000000e+05,1.430000000000000000e+02
1.111810000000000000e+05,1.320000000000000000e+02
1.113220000000000000e+05,1.410000000000000000e+02
1.114640000000000000e+05,1.420000000000000000e+02
1.116100000000000000e+05,1.460000000000000000e+02
1.117570000000000000e+05,1.470000000000000000e+02
1.118890000000000000e+05,1.320000000000000000e+02
1.120310000000000000e+05,1.420000000000000000e+02
1.121800000000000000e+05,1.490000000000000000e+02
1.123290000000000000e+05,1.490000000000000000e+02
1.124780000000000000e+05,1.490000000000000000e+02
1.126260000000000000e+05,1.480000000000000000e+02
1.127760000000000000e+05,1.500000000000000000e+02
1.129100000000000000e+05,1.340000000000000000e+02
1.130560000000000000e+05,1.460000000000000000e+02
1.131970000000000000e+05,1.410000000000000000e+02
1.133390000000000000e+05,1.420000000000000000e+02
1.134790000000000000e+05,1.400000000000000000e+02
1.136170000000000000e+05,1.380000000000000000e+02
1.137610000000000000e+05,1.440000000000000000e+02
1.139020000000000000e+05,1.410000000000000000e+02
1.140410000000000000e+05,1.390000000000000000e+02
1.141810000000000000e+05,1.400000000000000000e+02
1.143150000000000000e+05,1.340000000000000000e+02
1.144470000000000000e+05,1.320000000000000000e+02
1.145930000000000000e+05,1.460000000000000000e+02
1.147280000000000000e+05,1.350000000000000000e+02
1.148590000000000000e+05,1.310000000000000000e+02
1.150000000000000000e+05,1.410000000000000000e+02
1.151390000000000000e+05,1.390000000000000000e+02
1.152770000000000000e+05,1.380000000000000000e+02
1.154220000000000000e+05,1.450000000000000000e+02
1.155480000000000000e+05,1.260000000000000000e+02
1.156930000000000000e+05,1.450000000000000000e+02
1.158330000000000000e+05,1.400000000000000000e+02
1.159780000000000000e+05,1.450000000000000000e+02
1.161210000000000000e+05,1.430000000000000000e+02
1.162610000000000000e+05,1.400000000000000000e+02
1.163900000000000000e+05,1.290000000000000000e+02
1.165310000000000000e+05,1.410000000000000000e+02
1.166710000000000000e+05,1.400000000000000000e+02
1.168090000000000000e+05,1.380000000000000000e+02
1.169460000000000000e+05,1.370000000000000000e+02
1.170880000000000000e+05,1.420000000000000000e+02
1.172370000000000000e+05,1.490000000000000000e+02
1.173870000000000000e+05,1.500000000000000000e+02
1.175250000000000000e+05,1.380000000000000000e+02
1.176660000000000000e+05,1.410000000000000000e+02
1.178020000000000000e+05,1.360000000000000000e+02
1.179340000000000000e+05,1.320000000000000000e+02
1.180800000000000000e+05,1.460000000000000000e+02
1.182130000000000000e+05,1.330000000000000000e+02
1.183560000000000000e+05,1.430000000000000000e+02
1.184960000000000000e+05,1.400000000000000000e+02
1.186340000000000000e+05,1.380000000000000000e+02
1.187810000000000000e+05,1.470000000000000000e+02
1.189160000000000000e+05,1.350000000000000000e+02
1.190470000000000000e+05,1.310000000000000000e+02
1.191810000000000000e+05,1.340000000000000000e+02
1.193100000000000000e+05,1.290000000000000000e+02
1.194600000000000000e+05,1.500000000000000000e+02
1.195920000000000000e+05,1.320000000000000000e+02
1.197230000000000000e+05,1.310000000000000000e+02
1.198610000000000000e+05,1.380000000000000000e+02
1.200000000000000000e+05,1.390000000000000000e+02
1.201430000000000000e+05,1.430000000000000000e+02
1.202950000000000000e+05,1.520000000000000000e+02
1.204320000000000000e+05,1.370000000000000000e+02
1.205780000000000000e+05,1.460000000000000000e+02
1.207170000000000000e+05,1.390000000000000000e+02
1.208500000000000000e+05,1.330000000000000000e+02
1.209830000000000000e+05,1.330000000000000000e+02
1.211280000000000000e+05,1.450000000000000000e+02
1.212700000000000000e+05,1.420000000000000000e+02
1.214120000000000000e+05,1.420000000000000000e+02
1.215530000000000000e+05,1.410000000000000000e+02
1.216930000000000000e+05,1.400000000000000000e+02
1.218370000000000000e+05,1.440000000000000000e+02
1.219760000000000000e+05,1.390000000000000000e+02
1.221110000000000000e+05,1.350000000000000000e+02
1.222500000000000000e+05,1.390000000000000000e+02
1.223860000000000000e+05,1.360000000000000000e+02
1.225310000000000000e+05,1.450000000000000000e+02
1.226800000000000000e+05,1.490000000000000000e+02
1.228230000000000000e+05,1.430000000000000000e+02
1.229740000000000000e+05,1.510000000000000000e+02
1.231110000000000000e+05,1.370000000000000000e+02
1.232480000000000000e+05,1.370000000000000000e+02
1.233920000000000000e+05,1.440000000000000000e+02
1.235280000000000000e+05,1.360000000000000000e+02
1.236780000000000000e+05,1.500000000000000000e+02
1.238230000000000000e+05,1.450000000000000000e+02
1.239590000000000000e+05,1.360000000000000000e+02
1.241020000000000000e+05,1.430000000000000000e+02
1.242510000000000000e+05,1.490000000000000000e+02
1.243960000000000000e+05,1.450000000000000000e+02
1.245390000000000000e+05,1.430000000000000000e+02
1.246770000000000000e+05,1.380000000000000000e+02
1.248240000000000000e+05,1.470000000000000000e+02
1.249660000000000000e+05,1.420000000000000000e+02
1.251050000000000000e+05,1.390000000000000000e+02
1.252550000000000000e+05,1.500000000000000000e+02
1.254040000000000000e+05,1.490000000000000000e+02
1.255530000000000000e+05,1.490000000000000000e+02
1.256990000000000000e+05,1.460000000000000000e+02
1.258470000000000000e+05,1.480000000000000000e+02
1.259870000000000000e+05,1.400000000000000000e+02
1.261440000000000000e+05,1.570000000000000000e+02
1.262860000000000000e+05,1.420000000000000000e+02
1.264270000000000000e+05,1.410000000000000000e+02
1.265670000000000000e+05,1.400000000000000000e+02
1.267060000000000000e+05,1.390000000000000000e+02
1.268510000000000000e+05,1.450000000000000000e+02
1.269980000000000000e+05,1.470000000000000000e+02
1.271360000000000000e+05,1.380000000000000000e+02
1.272810000000000000e+05,1.450000000000000000e+02
1.274270000000000000e+05,1.460000000000000000e+02
1.275700000000000000e+05,1.430000000000000000e+02
1.277210000000000000e+05,1.510000000000000000e+02
1.278660000000000000e+05,1.450000000000000000e+02
1.280070000000000000e+05,1.410000000000000000e+02
1.281480000000000000e+05,1.410000000000000000e+02
1.282970000000000000e+05,1.490000000000000000e+02
1.284400000000000000e+05,1.430000000000000000e+02
1.285850000000000000e+05,1.450000000000000000e+02
1.287390000000000000e+05,1.540000000000000000e+02
1.288850000000000000e+05,1.460000000000000000e+02
1.290200000000000000e+05,1.350000000000000000e+02
1.291710000000000000e+05,1.510000000000000000e+02
1.293140000000000000e+05,1.430000000000000000e+02
1.294640000000000000e+05,1.500000000000000000e+02
1.296020000000000000e+05,1.380000000000000000e+02
1.297470000000000000e+05,1.450000000000000000e+02
1.298900000000000000e+05,1.430000000000000000e+02
1.300310000000000000e+05,1.410000000000000000e+02
1.301800000000000000e+05,1.490000000000000000e+02
1.303210000000000000e+05,1.410000000000000000e+02
1.304600000000000000e+05,1.390000000000000000e+02
1.306040000000000000e+05,1.440000000000000000e+02
1.307500000000000000e+05,1.460000000000000000e+02
1.308970000000000000e+05,1.470000000000000000e+02
1.310480000000000000e+05,1.510000000000000000e+02
1.311980000000000000e+05,1.500000000000000000e+02
1.313450000000000000e+05,1.470000000000000000e+02
1.314900000000000000e+05,1.450000000000000000e+02
1.316300000000000000e+05,1.400000000000000000e+02
1.317730000000000000e+05,1.430000000000000000e+02
1.319190000000000000e+05,1.460000000000000000e+02
1.320710000000000000e+05,1.520000000000000000e+02
1.322150000000000000e+05,1.440000000000000000e+02
1.323650000000000000e+05,1.500000000000000000e+02
1.325070000000000000e+05,1.420000000000000000e+02
1.326600000000000000e+05,1.530000000000000000e+02
1.328040000000000000e+05,1.440000000000000000e+02
1.329600000000000000e+05,1.560000000000000000e+02
1.331130000000000000e+05,1.530000000000000000e+02
1.332600000000000000e+05,1.470000000000000000e+02
1.334200000000000000e+05,1.600000000000000000e+02
1.335740000000000000e+05,1.540000000000000000e+02
1.337190000000000000e+05,1.450000000000000000e+02
1.338690000000000000e+05,1.500000000000000000e+02
1.340230000000000000e+05,1.540000000000000000e+02
1.341700000000000000e+05,1.470000000000000000e+02
1.343150000000000000e+05,1.450000000000000000e+02
1.344610000000000000e+05,1.460000000000000000e+02
1.346120000000000000e+05,1.510000000000000000e+02
1.347600000000000000e+05,1.480000000000000000e+02
1.349050000000000000e+05,1.450000000000000000e+02
1.350600000000000000e+05,1.550000000000000000e+02
1.352080000000000000e+05,1.480000000000000000e+02
1.353620000000000000e+05,1.540000000000000000e+02
1.355180000000000000e+05,1.560000000000000000e+02
1.356700000000000000e+05,1.520000000000000000e+02
1.358160000000000000e+05,1.460000000000000000e+02
1.359570000000000000e+05,1.410000000000000000e+02
1.361120000000000000e+05,1.550000000000000000e+02
1.362650000000000000e+05,1.530000000000000000e+02
1.364160000000000000e+05,1.510000000000000000e+02
1.365540000000000000e+05,1.380000000000000000e+02
1.366910000000000000e+05,1.370000000000000000e+02
1.368370000000000000e+05,1.460000000000000000e+02
1.369870000000000000e+05,1.500000000000000000e+02
1.371310000000000000e+05,1.440000000000000000e+02
1.372800000000000000e+05,1.490000000000000000e+02
1.374210000000000000e+05,1.410000000000000000e+02
1.375670000000000000e+05,1.460000000000000000e+02
1.377090000000000000e+05,1.420000000000000000e+02
1.378560000000000000e+05,1.470000000000000000e+02
1.380100000000000000e+05,1.540000000000000000e+02
1.381530000000000000e+05,1.430000000000000000e+02
1.383010000000000000e+05,1.480000000000000000e+02
1.384430000000000000e+05,1.420000000000000000e+02
1.386010000000000000e+05,1.580000000000000000e+02
1.387420000000000000e+05,1.410000000000000000e+02
1.388770000000000000e+05,1.350000000000000000e+02
1.390290000000000000e+05,1.520000000000000000e+02
1.391750000000000000e+05,1.460000000000000000e+02
1.393300000000000000e+05,1.550000000000000000e+02
1.394850000000000000e+05,1.550000000000000000e+02
1.396280000000000000e+05,1.430000000000000000e+02
1.397690000000000000e+05,1.410000000000000000e+02
1.399250000000000000e+05,1.560000000000000000e+02
1.400760000000000000e+05,1.510000000000000000e+02
1.402180000000000000e+05,1.420000000000000000e+02
1.403660000000000000e+05,1.480000000000000000e+02
1.405220000000000000e+05,1.560000000000000000e+02
1.406600000000000000e+05,1.380000000000000000e+02
1.408100000000000000e+05,1.500000000000000000e+02
1.409610000000000000e+05,1.510000000000000000e+02
1.411090000000000000e+05,1.480000000000000000e+02
1.412550000000000000e+05,1.460000000000000000e+02
1.414000000000000000e+05,1.450000000000000000e+02
1.415420000000000000e+05,1.420000000000000000e+02
1.416840000000000000e+05,1.420000000000000000e+02
1.418280000000000000e+05,1.440000000000000000e+02
1.419700000000000000e+05,1.420000000000000000e+02
1.421210000000000000e+05,1.510000000000000000e+02
1.422600000000000000e+05,1.390000000000000000e+02
1.423960000000000000e+05,1.360000000000000000e+02
1.425500000000000000e+05,1.540000000000000000e+02
1.426900000000000000e+05,1.400000000000000000e+02
1.428360000000000000e+05,1.460000000000000000e+02
1.429790000000000000e+05,1.430000000000000000e+02
1.431220000000000000e+05,1.430000000000000000e+02
1.432690000000000000e+05,1.470000000000000000e+02
1.434120000000000000e+05,1.430000000000000000e+02
1.435550000000000000e+05,1.430000000000000000e+02
1.436980000000000000e+05,1.430000000000000000e+02
1.438370000000000000e+05,1.390000000000000000e+02
1.439820000000000000e+05,1.450000000000000000e+02
1.441320000000000000e+05,1.500000000000000000e+02
1.442720000000000000e+05,1.400000000000000000e+02
1.444190000000000000e+05,1.470000000000000000e+02
1.445650000000000000e+05,1.460000000000000000e+02
1.447070000000000000e+05,1.420000000000000000e+02
1.448520000000000000e+05,1.450000000000000000e+02
1.450030000000000000e+05,1.510000000000000000e+02
1.451470000000000000e+05,1.440000000000000000e+02
1.453000000000000000e+05,1.530000000000000000e+02
1.454410000000000000e+05,1.410000000000000000e+02
1.455820000000000000e+05,1.410000000000000000e+02
1.457180000000000000e+05,1.360000000000000000e+02
1.458750000000000000e+05,1.570000000000000000e+02
1.460290000000000000e+05,1.540000000000000000e+02
1.461930000000000000e+05,1.640000000000000000e+02
1.463370000000000000e+05,1.440000000000000000e+02
1.464910000000000000e+05,1.540000000000000000e+02
1.466360000000000000e+05,1.450000000000000000e+02
1.467720000000000000e+05,1.360000000000000000e+02
1.469320000000000000e+05,1.600000000000000000e+02
1.470680000000000000e+05,1.360000000000000000e+02
1.471220000000000000e+05,5.400000000000000000e+01
1.472690000000000000e+05,1.470000000000000000e+02
1.474280000000000000e+05,1.590000000000000000e+02
1.476000000000000000e+05,1.720000000000000000e+02
1.477440000000000000e+05,1.440000000000000000e+02
1.478890000000000000e+05,1.450000000000000000e+02
1.480320000000000000e+05,1.430000000000000000e+02
1.481770000000000000e+05,1.450000000000000000e+02
1.483350000000000000e+05,1.580000000000000000e+02
1.484830000000000000e+05,1.480000000000000000e+02
1.486330000000000000e+05,1.500000000000000000e+02
1.487640000000000000e+05,1.310000000000000000e+02
1.489070000000000000e+05,1.430000000000000000e+02
1.490580000000000000e+05,1.510000000000000000e+02
1.492060000000000000e+05,1.480000000000000000e+02
1.493440000000000000e+05,1.380000000000000000e+02
1.494910000000000000e+05,1.470000000000000000e+02
1.496360000000000000e+05,1.450000000000000000e+02
1.497820000000000000e+05,1.460000000000000000e+02
1.499300000000000000e+05,1.480000000000000000e+02
