#{"t_start": 1763487072.3238776, "env_id": "CartPole-v1"}
r,l,t
28.0,28,0.024239
24.0,24,0.040819
21.0,21,0.054715
12.0,12,0.062799
14.0,14,0.072091
16.0,16,0.083144
16.0,16,0.094235
15.0,15,0.104761
23.0,23,0.125621
17.0,17,0.140363
13.0,13,0.149595
25.0,25,0.167228
14.0,14,0.180082
61.0,61,0.249366
35.0,35,0.274227
39.0,39,0.301862
38.0,38,0.328742
52.0,52,0.365375
10.0,10,0.372489
20.0,20,0.386832
13.0,13,0.396318
46.0,46,0.456372
17.0,17,0.468567
22.0,22,0.484264
19.0,19,0.498112
16.0,16,0.509616
31.0,31,0.532037
17.0,17,0.544465
20.0,20,0.562256
12.0,12,0.571912
13.0,13,0.581421
28.0,28,0.602123
36.0,36,0.654531
28.0,28,0.67442
11.0,11,0.682488
17.0,17,0.69503
16.0,16,0.706722
11.0,11,0.718726
19.0,19,0.73288
31.0,31,0.756163
17.0,17,0.769165
17.0,17,0.782158
48.0,48,0.819247
24.0,24,0.8381
12.0,12,0.873533
19.0,19,0.887725
13.0,13,0.897419
13.0,13,0.907127
24.0,24,0.924982
11.0,11,0.933408
43.0,43,0.966085
21.0,21,0.982104
27.0,27,1.002884
19.0,19,1.018367
33.0,33,1.044258
13.0,13,1.054498
26.0,26,1.106265
18.0,18,1.120675
36.0,36,1.149421
27.0,27,1.171348
85.0,85,1.24081
38.0,38,1.271932
15.0,15,1.284542
10.0,10,1.292984
40.0,40,1.355625
71.0,71,1.41449
36.0,36,1.444207
22.0,22,1.462355
26.0,26,1.483828
18.0,18,1.498861
19.0,19,1.514622
21.0,21,1.532014
24.0,24,1.580264
21.0,21,1.597222
16.0,16,1.61019
15.0,15,1.62234
24.0,24,1.641635
13.0,13,1.652125
65.0,65,1.704301
45.0,45,1.74137
38.0,38,1.772803
33.0,33,1.829846
15.0,15,1.84235
12.0,12,1.85229
13.0,13,1.863115
12.0,12,1.873132
11.0,11,1.882295
18.0,18,1.897244
15.0,15,1.909711
58.0,58,1.957717
103.0,103,2.0718
22.0,22,2.089997
23.0,23,2.109065
22.0,22,2.127329
12.0,12,2.13728
15.0,15,2.149762
17.0,17,2.163906
15.0,15,2.176417
13.0,13,2.187203
80.0,80,2.253362
27.0,27,2.304533
27.0,27,2.326796
19.0,19,2.34249
25.0,25,2.363062
36.0,36,2.39456
21.0,21,2.412155
11.0,11,2.42215
24.0,24,2.442235
39.0,39,2.475271
19.0,19,2.491168
19.0,19,2.507061
25.0,25,2.560512
30.0,30,2.585733
39.0,39,2.617879
41.0,41,2.651232
17.0,17,2.665146
51.0,51,2.707714
40.0,40,2.741125
45.0,45,2.8084
22.0,22,2.826796
29.0,29,2.851156
48.0,48,2.895002
50.0,50,2.936469
14.0,14,2.948363
20.0,20,2.964879
29.0,29,2.988838
22.0,22,3.038991
48.0,48,3.077445
20.0,20,3.093587
40.0,40,3.125676
22.0,22,3.143749
38.0,38,3.175132
32.0,32,3.204337
67.0,67,3.289254
17.0,17,3.303366
45.0,45,3.340444
48.0,48,3.37997
164.0,164,3.542671
33.0,33,3.571659
67.0,67,3.625955
48.0,48,3.664821
17.0,17,3.678655
60.0,60,3.757562
53.0,53,3.801263
70.0,70,3.859012
43.0,43,3.894515
13.0,13,3.905299
66.0,66,3.960134
100.0,100,4.071917
53.0,53,4.11587
51.0,51,4.158143
24.0,24,4.177987
57.0,57,4.254055
79.0,79,4.31922
42.0,42,4.353877
23.0,23,4.372897
37.0,37,4.406577
37.0,37,4.436306
76.0,76,4.525975
43.0,43,4.560583
18.0,18,4.575155
123.0,123,4.674208
26.0,26,4.723534
92.0,92,4.797683
113.0,113,4.902014
46.0,46,4.970084
36.0,36,4.999362
55.0,55,5.044212
84.0,84,5.113771
39.0,39,5.145978
82.0,82,5.245872
24.0,24,5.265692
67.0,67,5.320876
78.0,78,5.385384
37.0,37,5.449383
63.0,63,5.502288
33.0,33,5.531403
27.0,27,5.554487
45.0,45,5.592324
65.0,65,5.646402
37.0,37,5.710067
22.0,22,5.728561
76.0,76,5.791922
33.0,33,5.820209
37.0,37,5.851105
54.0,54,5.896154
25.0,25,5.951981
85.0,85,6.022114
103.0,103,6.10699
40.0,40,6.139976
165.0,165,6.309546
85.0,85,6.379613
94.0,94,6.488714
97.0,97,6.575868
128.0,128,6.712121
102.0,102,6.794197
101.0,101,6.875342
255.0,255,7.122958
152.0,152,7.282054
52.0,52,7.325842
70.0,70,7.385935
345.0,345,7.721467
193.0,193,7.916837
195.0,195,8.076186
88.0,88,8.178188
220.0,220,8.395037
33.0,33,8.427552
171.0,171,8.566253
137.0,137,8.71346
132.0,132,8.822206
236.0,236,9.046562
64.0,64,9.126475
109.0,109,9.214255
159.0,159,9.370312
317.0,317,9.661504
177.0,177,9.838549
111.0,111,9.930729
119.0,119,10.028891
258.0,258,10.280473
137.0,137,10.422406
366.0,366,10.760317
179.0,179,10.932648
500.0,500,11.408231
171.0,171,11.586176
231.0,231,11.798759
38.0,38,11.829364
176.0,176,11.973763
191.0,191,12.153782
382.0,382,12.534261
231.0,231,12.746152
140.0,140,12.858718
180.0,180,13.040117
213.0,213,13.240162
242.0,242,13.463578
79.0,79,13.531051
299.0,299,13.810582
266.0,266,14.062201
202.0,202,14.258755
214.0,214,14.462917
250.0,250,14.699442
186.0,186,14.883025
139.0,139,15.003498
242.0,242,15.236865
223.0,223,15.449308
447.0,447,15.892669
238.0,238,16.111771
235.0,235,16.30065
134.0,134,16.437028
134.0,134,16.574421
231.0,231,16.767579
282.0,282,17.056366
247.0,247,17.262517
157.0,157,17.420153
132.0,132,17.555397
169.0,169,17.691737
129.0,129,17.823795
24.0,24,17.843238
21.0,21,17.860268
156.0,156,18.014613
113.0,113,18.105515
228.0,228,18.321178
262.0,262,18.568553
220.0,220,18.779449
194.0,194,18.977026
180.0,180,19.122307
169.0,169,19.291959
149.0,149,19.420588
176.0,176,19.59568
83.0,83,19.666327
143.0,143,19.815658
216.0,216,20.025362
302.0,302,20.3073
185.0,185,20.492579
173.0,173,20.636777
195.0,195,20.827024
225.0,225,21.038045
241.0,241,21.266835
295.0,295,21.539752
141.0,141,21.689338
205.0,205,21.8803
207.0,207,22.047556
150.0,150,22.19866
155.0,155,22.356761
113.0,113,22.45495
210.0,210,22.677803
211.0,211,22.910992
168.0,168,23.059458
166.0,166,23.233282
128.0,128,23.35227
131.0,131,23.489567
171.0,171,23.656908
164.0,164,23.79095
226.0,226,24.009581
142.0,142,24.162597
230.0,230,24.373638
153.0,153,24.495003
167.0,167,24.657594
217.0,217,24.860322
250.0,250,25.088757
25.0,25,25.109263
206.0,206,25.308514
163.0,163,25.444271
181.0,181,25.618699
31.0,31,25.647214
145.0,145,25.793437
179.0,179,25.935887
187.0,187,26.115382
157.0,157,26.270098
172.0,172,26.40685
168.0,168,26.566716
171.0,171,26.732604
157.0,157,26.858664
174.0,174,27.027465
249.0,249,27.259811
204.0,204,27.4566
169.0,169,27.597399
172.0,172,27.78575
149.0,149,27.936886
160.0,160,28.067138
182.0,182,28.248668
173.0,173,28.421776
171.0,171,28.560447
330.0,330,28.897377
173.0,173,29.046999
141.0,141,29.190562
183.0,183,29.377817
213.0,213,29.547356
178.0,178,29.72798
177.0,177,29.903198
179.0,179,30.050359
177.0,177,30.228638
147.0,147,30.382438
135.0,135,30.498029
198.0,198,30.697172
181.0,181,30.869107
213.0,213,31.073017
136.0,136,31.186778
180.0,180,31.365244
164.0,164,31.498737
143.0,143,31.643202
161.0,161,31.813463
178.0,178,31.96529
132.0,132,32.100443
170.0,170,32.241175
161.0,161,32.442843
140.0,140,32.588939
171.0,171,32.74881
148.0,148,32.901222
171.0,171,33.073594
144.0,144,33.19123
218.0,218,33.399496
187.0,187,33.585161
169.0,169,33.725397
151.0,151,33.881777
142.0,142,34.031692
144.0,144,34.147367
176.0,176,34.324297
162.0,162,34.464124
157.0,157,34.62511
152.0,152,34.781044
137.0,137,34.893608
150.0,150,35.051758
118.0,118,35.146099
140.0,140,35.290345
148.0,148,35.412732
183.0,183,35.590304
166.0,166,35.754676
170.0,170,35.893907
138.0,138,36.039471
163.0,163,36.201397
158.0,158,36.331753
149.0,149,36.481759
152.0,152,36.606124
148.0,148,36.756815
150.0,150,36.880373
171.0,171,37.050285
138.0,138,37.192252
153.0,153,37.316795
138.0,138,37.47452
141.0,141,37.593734
179.0,179,37.766827
179.0,179,37.946492
147.0,147,38.067151
153.0,153,38.222233
171.0,171,38.389524
169.0,169,38.523427
174.0,174,38.690865
164.0,164,38.855168
140.0,140,38.972274
147.0,147,39.115015
148.0,148,39.233342
176.0,176,39.402402
154.0,154,39.552802
153.0,153,39.675022
149.0,149,39.834399
138.0,138,39.946477
119.0,119,40.072017
165.0,165,40.20542
143.0,143,40.351354
153.0,153,40.503032
145.0,145,40.616482
182.0,182,40.797478
131.0,131,40.909489
157.0,157,41.063731
156.0,156,41.214664
161.0,161,41.340442
151.0,151,41.487307
143.0,143,41.602276
165.0,165,41.7756
174.0,174,41.949107
181.0,181,42.091087
156.0,156,42.240967
156.0,156,42.396049
165.0,165,42.531585
176.0,176,42.708964
153.0,153,42.861875
145.0,145,42.982007
208.0,208,43.174897
148.0,148,43.298311
158.0,158,43.46342
155.0,155,43.613187
158.0,158,43.738306
132.0,132,43.871068
160.0,160,44.007734
141.0,141,44.1546
167.0,167,44.326396
150.0,150,44.447328
170.0,170,44.647872
140.0,140,44.772658
145.0,145,44.914829
136.0,136,45.058911
166.0,166,45.192375
145.0,145,45.336875
169.0,169,45.472534
163.0,163,45.636996
160.0,160,45.793993
159.0,159,45.925156
147.0,147,46.073581
155.0,155,46.236426
158.0,158,46.363449
149.0,149,46.511389
152.0,152,46.633326
146.0,146,46.779599
147.0,147,46.9006
159.0,159,47.056722
156.0,156,47.214128
156.0,156,47.339434
155.0,155,47.493692
156.0,156,47.65088
159.0,159,47.782997
156.0,156,47.939051
137.0,137,48.046669
162.0,162,48.20154
158.0,158,48.355712
172.0,172,48.495707
163.0,163,48.655066
172.0,172,48.794819
130.0,130,48.934681
147.0,147,49.078987
162.0,162,49.206028
177.0,177,49.375386
173.0,173,49.544518
146.0,146,49.664624
153.0,153,49.818275
153.0,153,49.937905
170.0,170,50.099269
159.0,159,50.254215
167.0,167,50.38501
168.0,168,50.545914
183.0,183,50.721136
163.0,163,50.850954
160.0,160,51.007273
161.0,161,51.164311
161.0,161,51.2932
151.0,151,51.446288
173.0,173,51.589638
158.0,158,51.746122
162.0,162,51.904298
156.0,156,52.02921
178.0,178,52.207858
154.0,154,52.362032
171.0,171,52.502485
168.0,168,52.667383
177.0,177,52.840966
153.0,153,52.966119
146.0,146,53.124563
150.0,150,53.247318
166.0,166,53.417545
147.0,147,53.569306
151.0,151,53.686001
176.0,176,53.85137
160.0,160,53.980786
146.0,146,54.134453
171.0,171,54.304762
156.0,156,54.431213
149.0,149,54.578771
161.0,161,54.740487
145.0,145,54.860789
152.0,152,55.009985
160.0,160,55.13537
142.0,142,55.289506
160.0,160,55.446206
173.0,173,55.587524
170.0,170,55.748423
192.0,192,55.931103
144.0,144,56.047633
151.0,151,56.197511
162.0,162,56.328103
160.0,160,56.502776
154.0,154,56.656592
174.0,174,56.792376
155.0,155,56.945789
162.0,162,57.108909
144.0,144,57.225303
147.0,147,57.372236
144.0,144,57.487325
160.0,160,57.644096
154.0,154,57.767821
154.0,154,57.925346
152.0,152,58.082258
132.0,132,58.185979
172.0,172,58.356083
147.0,147,58.472696
186.0,186,58.645681
150.0,150,58.792819
157.0,157,58.921592
145.0,145,59.070554
178.0,178,59.248977
142.0,142,59.364938
148.0,148,59.51244
155.0,155,59.633736
178.0,178,59.800327
158.0,158,59.951048
154.0,154,60.072689
143.0,143,60.212442
157.0,157,60.339908
144.0,144,60.480039
149.0,149,60.625657
158.0,158,60.757187
159.0,159,60.914336
144.0,144,61.030089
148.0,148,61.183718
169.0,169,61.350625
148.0,148,61.471457
166.0,166,61.631381
153.0,153,61.753991
174.0,174,61.93123
152.0,152,62.076456
169.0,169,62.20804
147.0,147,62.350975
159.0,159,62.50318
155.0,155,62.624183
155.0,155,62.77638
138.0,138,62.889199
155.0,155,63.038189
146.0,146,63.152251
151.0,151,63.298767
142.0,142,63.437535
148.0,148,63.553215
155.0,155,63.702199
152.0,152,63.818927
177.0,177,63.994308
158.0,158,64.165917
163.0,163,64.292336
145.0,145,64.435673
143.0,143,64.544198
152.0,152,64.689451
198.0,198,64.872103
136.0,136,64.978542
160.0,160,65.161457
160.0,160,65.315281
159.0,159,65.439863
164.0,164,65.598489
164.0,164,65.765605
141.0,141,65.881611
163.0,163,66.041008
147.0,147,66.154905
162.0,162,66.312697
137.0,137,66.421879
131.0,131,66.555794
171.0,171,66.72198
165.0,165,66.857774
162.0,162,67.017067
156.0,156,67.175967
133.0,133,67.283397
162.0,162,67.445577
157.0,157,67.56811
137.0,137,67.710122
156.0,156,67.831884
149.0,149,67.979216
140.0,140,68.120302
178.0,178,68.262252
148.0,148,68.414202
142.0,142,68.525195
159.0,159,68.675296
146.0,146,68.82646
176.0,176,68.978462
161.0,161,69.152554
163.0,163,69.312807
147.0,147,69.425544
139.0,139,69.561586
167.0,167,69.693653
128.0,128,69.825181
146.0,146,69.956233
161.0,161,70.109591
149.0,149,70.258332
149.0,149,70.374991
161.0,161,70.540687
181.0,181,70.710365
147.0,147,70.827217
145.0,145,70.976227
156.0,156,71.101435
146.0,146,71.252706
163.0,163,71.384351
142.0,142,71.524198
139.0,139,71.689284
153.0,153,71.823224
145.0,145,71.974722
159.0,159,72.099841
140.0,140,72.241505
152.0,152,72.364279
157.0,157,72.5117
151.0,151,72.657488
150.0,150,72.775374
145.0,145,72.928304
150.0,150,73.052334
154.0,154,73.201478
148.0,148,73.349319
151.0,151,73.477027
137.0,137,73.611674
152.0,152,73.731898
139.0,139,73.897804
137.0,137,74.014825
146.0,146,74.156345
145.0,145,74.299599
135.0,135,74.406147
147.0,147,74.549765
141.0,141,74.661978
148.0,148,74.811657
138.0,138,74.91997
136.0,136,75.058956
141.0,141,75.171123
140.0,140,75.314039
140.0,140,75.425689
143.0,143,75.567083
152.0,152,75.716001
132.0,132,75.82308
144.0,144,75.970049
146.0,146,76.087072
128.0,128,76.219516
146.0,146,76.336828
128.0,128,76.47093
140.0,140,76.582078
141.0,141,76.724819
134.0,134,76.832041
149.0,149,76.981433
131.0,131,77.111196
140.0,140,77.218204
148.0,148,77.370193
137.0,137,77.495543
134.0,134,77.633698
133.0,133,77.736816
132.0,132,77.868179
131.0,131,77.976495
143.0,143,78.121131
139.0,139,78.231685
140.0,140,78.374042
139.0,139,78.499538
144.0,144,78.648672
145.0,145,78.790447
141.0,141,78.903063
141.0,141,79.037996
140.0,140,79.147682
132.0,132,79.278775
160.0,160,79.419776
144.0,144,79.57434
135.0,135,79.708006
146.0,146,79.822026
142.0,142,79.963167
127.0,127,80.061315
140.0,140,80.198393
149.0,149,80.315102
149.0,149,80.456695
142.0,142,80.571805
128.0,128,80.700662
132.0,132,80.810204
136.0,136,80.953948
155.0,155,81.106357
124.0,124,81.207529
141.0,141,81.349315
134.0,134,81.45449
143.0,143,81.605746
136.0,136,81.71105
122.0,122,81.845061
135.0,135,81.952051
138.0,138,82.093848
132.0,132,82.206374
137.0,137,82.356586
136.0,136,82.472441
126.0,126,82.6103
130.0,130,82.714713
127.0,127,82.844212
130.0,130,82.959169
128.0,128,83.108593
133.0,133,83.220121
122.0,122,83.349017
132.0,132,83.453161
139.0,139,83.587433
120.0,120,83.682132
140.0,140,83.823357
141.0,141,83.940241
129.0,129,84.073603
147.0,147,84.216392
126.0,126,84.316313
129.0,129,84.445407
140.0,140,84.554373
130.0,130,84.686627
138.0,138,84.794516
138.0,138,84.938061
120.0,120,85.034875
140.0,140,85.172909
133.0,133,85.276912
134.0,134,85.410831
136.0,136,85.517125
137.0,137,85.659629
137.0,137,85.767015
134.0,134,85.904858
131.0,131,86.006431
132.0,132,86.138195
133.0,133,86.241329
138.0,138,86.375755
133.0,133,86.482018
138.0,138,86.617112
127.0,127,86.718711
132.0,132,86.855594
137.0,137,86.993672
145.0,145,87.105835
146.0,146,87.245862
137.0,137,87.353196
125.0,125,87.477186
142.0,142,87.591852
127.0,127,87.721214
138.0,138,87.829143
141.0,141,87.970074
135.0,135,88.099715
136.0,136,88.258194
136.0,136,88.372201
141.0,141,88.536011
136.0,136,88.652721
131.0,131,88.797837
146.0,146,88.957667
144.0,144,89.068507
126.0,126,89.191419
142.0,142,89.29998
132.0,132,89.44269
147.0,147,89.558877
131.0,131,89.689164
145.0,145,89.802985
139.0,139,89.942407
151.0,151,90.05897
145.0,145,90.207184
147.0,147,90.352496
147.0,147,90.492175
145.0,145,90.634137
121.0,121,90.723919
139.0,139,90.86059
144.0,144,90.975066
140.0,140,91.114995
146.0,146,91.228805
137.0,137,91.366774
145.0,145,91.511416
132.0,132,91.613843
129.0,129,91.744446
144.0,144,91.86644
134.0,134,92.008533
137.0,137,92.119309
143.0,143,92.258559
146.0,146,92.372664
141.0,141,92.510071
150.0,150,92.627156
134.0,134,92.762796
132.0,132,92.89547
134.0,134,93.002637
134.0,134,93.139412
138.0,138,93.247432
129.0,129,93.375963
135.0,135,93.481922
140.0,140,93.620932
125.0,125,93.718381
131.0,131,93.849741
140.0,140,93.959244
127.0,127,94.086018
133.0,133,94.189734
147.0,147,94.335608
130.0,130,94.441797
141.0,141,94.588305
141.0,141,94.69836
151.0,151,94.848934
140.0,140,95.002947
136.0,136,95.109764
137.0,137,95.25133
141.0,141,95.368907
139.0,139,95.505519
139.0,139,95.611271
132.0,132,95.740275
136.0,136,95.84513
132.0,132,95.978413
132.0,132,96.081287
134.0,134,96.210385
131.0,131,96.309977
144.0,144,96.457699
135.0,135,96.56909
140.0,140,96.710825
138.0,138,96.846703
139.0,139,96.966681
151.0,151,97.121511
145.0,145,97.234751
136.0,136,97.367099
142.0,142,97.477763
131.0,131,97.615873
147.0,147,97.730397
142.0,142,97.868189
143.0,143,98.009691
150.0,150,98.127033
142.0,142,98.267698
135.0,135,98.372973
139.0,139,98.523439
140.0,140,98.633504
142.0,142,98.778694
130.0,130,98.881497
142.0,142,99.038391
147.0,147,99.156089
145.0,145,99.300366
148.0,148,99.445533
143.0,143,99.558444
143.0,143,99.706427
149.0,149,99.823318
140.0,140,99.975159
141.0,141,100.086234
139.0,139,100.255333
144.0,144,100.418983
141.0,141,100.525321
140.0,140,100.663654
138.0,138,100.772044
149.0,149,100.916858
147.0,147,101.031904
139.0,139,101.16905
143.0,143,101.281102
158.0,158,101.444656
135.0,135,101.584267
139.0,139,101.692868
131.0,131,101.831021
140.0,140,101.954574
148.0,148,102.098818
140.0,140,102.208284
151.0,151,102.365359
141.0,141,102.481015
132.0,132,102.631666
152.0,152,102.782001
152.0,152,102.903982
149.0,149,103.052429
143.0,143,103.161789
132.0,132,103.296009
141.0,141,103.411022
142.0,142,103.548076
146.0,146,103.661815
147.0,147,103.803923
132.0,132,103.945856
142.0,142,104.064174
149.0,149,104.225976
149.0,149,104.344042
149.0,149,104.48664
148.0,148,104.599224
150.0,150,104.744076
134.0,134,104.883765
146.0,146,104.998124
141.0,141,105.1483
142.0,142,105.261727
140.0,140,105.399638
138.0,138,105.507322
144.0,144,105.647957
141.0,141,105.758326
139.0,139,105.8945
140.0,140,106.034585
134.0,134,106.139841
132.0,132,106.273607
146.0,146,106.389554
135.0,135,106.528022
131.0,131,106.630323
141.0,141,106.771723
139.0,139,106.885551
138.0,138,107.021904
145.0,145,107.132633
126.0,126,107.257299
145.0,145,107.371309
140.0,140,107.518005
145.0,145,107.65806
143.0,143,107.766893
140.0,140,107.904247
129.0,129,108.005056
141.0,141,108.153571
140.0,140,108.265885
138.0,138,108.433871
137.0,137,108.566591
142.0,142,108.725244
149.0,149,108.847381
150.0,150,109.013775
138.0,138,109.173726
141.0,141,109.29806
136.0,136,109.455861
132.0,132,109.561988
146.0,146,109.704165
133.0,133,109.805495
143.0,143,109.949721
140.0,140,110.057945
138.0,138,110.19102
147.0,147,110.306995
135.0,135,110.442344
131.0,131,110.574817
134.0,134,110.68138
129.0,129,110.818466
150.0,150,110.936822
132.0,132,111.070241
131.0,131,111.180219
138.0,138,111.317522
139.0,139,111.427523
143.0,143,111.570844
152.0,152,111.692533
137.0,137,111.832468
146.0,146,111.978709
139.0,139,112.088033
133.0,133,112.223149
133.0,133,112.330159
145.0,145,112.490535
142.0,142,112.628733
142.0,142,112.770922
141.0,141,112.881687
140.0,140,113.024853
144.0,144,113.137321
139.0,139,113.277395
135.0,135,113.387695
139.0,139,113.525259
136.0,136,113.663069
145.0,145,113.779873
149.0,149,113.933545
143.0,143,114.046699
151.0,151,114.190576
137.0,137,114.297565
137.0,137,114.435935
144.0,144,114.548285
136.0,136,114.686575
150.0,150,114.83633
145.0,145,114.952776
136.0,136,115.09689
143.0,143,115.208213
149.0,149,115.351386
145.0,145,115.46582
143.0,143,115.609375
138.0,138,115.747738
147.0,147,115.864492
142.0,142,116.014482
139.0,139,116.127082
150.0,150,116.280835
149.0,149,116.400631
149.0,149,116.548301
146.0,146,116.694338
148.0,148,116.813074
140.0,140,116.953373
157.0,157,117.076523
142.0,142,117.215087
141.0,141,117.326443
140.0,140,117.463419
139.0,139,117.572137
145.0,145,117.715
147.0,147,117.863653
138.0,138,117.978051
145.0,145,118.130419
146.0,146,118.244916
143.0,143,118.38431
151.0,151,118.503084
145.0,145,118.645727
141.0,141,118.783601
141.0,141,118.893764
149.0,149,119.038239
143.0,143,119.158964
145.0,145,119.300321
154.0,154,119.426326
146.0,146,119.577673
135.0,135,119.687421
151.0,151,119.854322
143.0,143,120.001537
150.0,150,120.124247
138.0,138,120.259856
145.0,145,120.374077
143.0,143,120.520089
141.0,141,120.634864
149.0,149,120.783504
141.0,141,120.930257
139.0,139,121.047243
144.0,144,121.197639
146.0,146,121.317925
147.0,147,121.48467
151.0,151,121.622377
150.0,150,121.777742
147.0,147,121.938702
145.0,145,122.089447
140.0,140,122.227895
143.0,143,122.342698
146.0,146,122.487079
152.0,152,122.609116
144.0,144,122.763008
150.0,150,122.917917
142.0,142,123.037363
153.0,153,123.190899
144.0,144,123.307135
156.0,156,123.464916
153.0,153,123.591225
147.0,147,123.745739
160.0,160,123.910212
154.0,154,124.032075
145.0,145,124.181421
150.0,150,124.301699
154.0,154,124.454112
147.0,147,124.60506
145.0,145,124.726776
146.0,146,124.880036
151.0,151,125.005183
148.0,148,125.160769
145.0,145,125.280081
155.0,155,125.448527
148.0,148,125.597734
154.0,154,125.7221
156.0,156,125.87587
152.0,152,125.99804
146.0,146,126.144624
141.0,141,126.296502
155.0,155,126.424096
153.0,153,126.580786
151.0,151,126.708818
138.0,138,126.855725
137.0,137,126.973527
146.0,146,127.135085
150.0,150,127.291072
144.0,144,127.413777
149.0,149,127.568288
141.0,141,127.687002
146.0,146,127.837766
142.0,142,127.9566
147.0,147,128.111793
154.0,154,128.269418
143.0,143,128.38688
148.0,148,128.544118
142.0,142,128.661486
158.0,158,128.825713
141.0,141,128.956109
135.0,135,129.100504
152.0,152,129.265655
146.0,146,129.386143
155.0,155,129.558012
155.0,155,129.687072
143.0,143,129.838778
141.0,141,129.958376
156.0,156,130.118568
151.0,151,130.276875
142.0,142,130.397198
148.0,148,130.549226
156.0,156,130.679653
138.0,138,130.824307
150.0,150,130.979021
151.0,151,131.109724
148.0,148,131.269391
146.0,146,131.394779
145.0,145,131.557422
142.0,142,131.678054
142.0,142,131.825013
144.0,144,131.977433
142.0,142,132.106957
151.0,151,132.263362
139.0,139,132.394565
136.0,136,132.537656
154.0,154,132.664963
140.0,140,132.809644
146.0,146,132.933141
143.0,143,133.080228
143.0,143,133.224172
147.0,147,133.342732
143.0,143,133.492944
143.0,143,133.611731
143.0,143,133.76537
139.0,139,133.884867
145.0,145,134.038381
150.0,150,134.195825
140.0,140,134.313073
147.0,147,134.476286
146.0,146,134.601526
142.0,142,134.754775
145.0,145,134.877394
151.0,151,135.036156
144.0,144,135.154842
153.0,153,135.31585
141.0,141,135.467153
141.0,141,135.585673
136.0,136,135.733296
157.0,157,135.866267
154.0,154,136.02948
164.0,164,136.196565
144.0,144,136.315329
154.0,154,136.474139
145.0,145,136.596721
136.0,136,136.74155
160.0,160,136.87334
136.0,136,137.01443
54.0,54,137.060384
147.0,147,137.21358
159.0,159,137.347419
172.0,172,137.51756
144.0,144,137.66848
145.0,145,137.791286
143.0,143,137.938833
145.0,145,138.061855
158.0,158,138.225276
148.0,148,138.387932
150.0,150,138.519073
131.0,131,138.658799
143.0,143,138.783665
151.0,151,138.942575
148.0,148,139.066839
138.0,138,139.225635
147.0,147,139.346162
145.0,145,139.491738
146.0,146,139.637345
148.0,148,139.757125
